id,name,category,description,created_by_user,verified,metadata_collection_name,metadata_external_url,symbol,website,total_supply,market,twitter,discord,order_seq,has_all_items,import_end_time,import_parameters,import_status,import_start_time,type,redeem_type,blockchain,contract_address,creator,royalty,token_standard,published_at,created_by,updated_by,created_at,updated_at
1,Boki,1,"Welcome to our World, where child-like imagination runs free and fantasy is celebrated.

Boki is a collection of 7,777 unique characters who live in the World of Boki. Boki is a community-focused project centered around collaboration and connection. Our goal is to attract imaginative Dreamers and Adventurers who are passionate about learning and growing in Web3. Each Boki grants you access to Boki's holder-only Discord channels, digital and IRL events, exclusive merch, and more.

To those who live with their heads in the clouds: welcome home. The World of Boki is home to anyone and everyone.

https://boki.art",1,True,,,bokinftofficial,http://boki.art,7777,Secondary,,https://discord.gg/bokiworld,1,True,2022-05-31 04:00:00+00,{},success,2022-05-01 04:00:00+00,Token,None,Ethereum,0x248139afb8d3a2e16154fbe4fb528a3a214fd8e7,0x6108702e2e5e7e2df587d6b15136239d92c4000c,5,ERC721,2022-05-27 02:48:15.773+00,1,1,2022-05-27 02:46:50.75+00,2022-05-30 11:30:32.957+00
2,Elftown.wtf,1,"SOLD OUT

The Dark Elves and High Elves, the two ancient races of Kharis, have put aside their differences to conquer the greatest evil our land has ever faced... The goblin hordes. We Elves shall cleanse these lands…",1,False,,,elftown-wtf,http://Elftown.wtf,9987,Secondary,,https://discord.gg/bokiworld,1,True,2022-05-31 04:00:00+00,{},success,2022-05-01 04:00:00+00,Token,None,Ethereum,0x5eaeadda470245343249452e744e423f489abbc4,0x6b4d728cb832c5cb552d03ea0c4446832ffd9817,5,ERC721,2022-05-30 11:29:23.941+00,1,1,2022-05-30 11:29:15.737+00,2022-05-30 11:30:32.957+00
3,Gents Croquet Club,1,An exclusive members club for the modern day gent.,1,True,,,gents-croquet-club-official,http://gentscroquetclub.com,975,Secondary,,https://discord.gg/bokiworld,1,True,2022-05-31 04:00:00+00,{},success,2022-05-01 04:00:00+00,Token,None,Ethereum,0x9d6a7159e5accfc6520932f0f81a47e2ffd349a3,0x7098c79b54eccaf56db84e3a95a0b588f712f2a9,8.5,ERC721,2022-06-02 11:56:09.167+00,1,1,2022-06-02 11:55:45.138+00,2022-06-02 11:56:15.081+00
4,Otherdeed for Otherside,1,"Otherdeed is the key to claiming land in Otherside. Each have a unique blend of environment and sediment — some with resources, some home to powerful artifacts. And on a very few, a Koda roams.",1,True,,,otherdeed,https://otherside.xyz,100000,Secondary,https://twitter.com/othersidemeta,https://discord.gg/bokiworld,1,True,2022-05-31 04:00:00+00,{},success,2022-05-01 04:00:00+00,Token,None,Ethereum,0x34d85c9cdeb23fa97cb08333b511ac86e1c4e258,0x37ceb4ba093d40234c6fb312d9791b67c04ef49a,5,ERC721,2022-06-01 10:07:05.763+00,1,1,2022-05-24 07:49:52.635+00,2022-06-01 10:07:05.885+00
5,The Sandbox,1,"The Sandbox is a community-driven platform where creators can monetize voxel assets and gaming experiences on the blockchain. The Sandbox metaverse comprises a map made up of 166,464 LANDS.  LAND owners can host contests and events, stake SAND to earn and customize assets, monetize assets and experiences, vote in the metaverse governance, play games that you or others create, and more! Trade the collection and keep your eyes peeled for future drops.",1,True,,,sandbox,https://www.sandbox.game/,142036,Secondary,https://twitter.com/thesandboxgame,https://discord.gg/bokiworld,1,True,2022-05-31 04:00:00+00,{},success,2022-05-01 04:00:00+00,Token,None,Ethereum,0x5cc5b05a8a13e3fbdb0bb9fccd98d38e50f90c38,0x7a9fe22691c811ea339d9b73150e6911a5343dca,5,ERC721,2022-06-01 10:07:05.782+00,1,1,2022-05-24 09:24:22.811+00,2022-06-01 10:07:05.967+00
6,PXN: Ghost Division,1,"The underbelly of Web3.
A shadow vague, formless, but eternal.",1,False,,,pxnghostdivision,http://phantom.sh,10000,Secondary,,https://discord.gg/bokiworld,1,True,2022-05-31 04:00:00+00,{},success,2022-05-01 04:00:00+00,Token,None,Ethereum,0x160c404b2b49cbc3240055ceaee026df1e8497a0,0x2c7240f1887cd0a4380207b8a774dbee332e4bd5,5,ERC721,2022-05-26 11:43:54.01+00,1,1,2022-05-24 07:01:40.151+00,2022-05-26 12:00:41.989+00
7,adidas Originals Into the Metaverse,1,"Bored Ape Yacht Club, PUNKS Comic, and gmoney welcome adidas Originals into the Metaverse. Phase 1 NFT physical product claims have now closed.
",1,True,,,adidasoriginals,https://www.adidas.com/into_the_metaverse,2,Secondary,https://twitter.com/adidasoriginals,https://discord.gg/bokiworld,1,True,2022-05-31 04:00:00+00,{},success,2022-05-01 04:00:00+00,Token,None,Ethereum,0x28472a58a490c5e09a238847f66a68a47cc76f0f,0x81e572fe2d89c5e90f68e7040da372543afbab57,10,ERC1155,2022-06-02 02:37:35.792+00,1,1,2022-05-26 10:51:10.115+00,2022-06-02 02:37:35.855+00
8,Azuki,1,"Take the red bean to join the garden. View the collection at [azuki.com/gallery](https://azuki.com/gallery).

Azuki starts with a collection of 10,000 avatars that give you membership access to The Garden: a corner of the internet where artists, builders, and web3 enthusiasts meet to create a decentralized future. Azuki holders receive access to exclusive drops, experiences, and more. Visit [azuki.com](https://azuki.com) for more details.

We rise together. We build together. We grow together.",1,True,,,azuki,http://www.azuki.com,10000,Secondary,,https://discord.gg/bokiworld,1,True,2022-05-31 04:00:00+00,{},success,2022-05-01 04:00:00+00,Token,None,Ethereum,0xed5af388653567af2f388e6224dc7c4b3241c544,0xd45058bf25bbd8f586124c479d384c8c708ce23a,5,ERC721,2022-05-26 09:11:29.013+00,1,1,2022-05-23 04:08:41.413+00,2022-05-26 10:30:12.175+00
9,goblintown.wtf,1,AAAAAAAUUUUUGGGHHHHH gobblins goblinns GOBLINNNNNNNNns wekm ta goblintown yoo sniksnakr DEJEN RATS oooooh rats are yummmz dis a NEFTEEE O GOBBLINGS on da BLOKCHIN wat? oh. crustybutt da goblinking say GEE EMMM DEDJEN RUTS an queenie saay HLLO SWEATIES ok dats all byeby,1,True,,,goblintownwtf,https://goblintown.wtf/,9999,Secondary,,https://discord.gg/bokiworld,1,True,2022-05-31 04:00:00+00,{},success,2022-05-01 04:00:00+00,Token,None,Ethereum,0xbce3781ae7ca1a5e050bd9c4c77369867ebc307e,0x62ac2dbbd306610ff8652b9e0d1a310b6c6afa0f,7.5,ERC721,2022-05-27 02:45:29.536+00,1,1,2022-05-25 03:20:52.432+00,2022-05-27 02:45:30.174+00
10,Bored Ape Yacht Club,1,"The Bored Ape Yacht Club is a collection of 10,000 unique Bored Ape NFTs— unique digital collectibles living on the Ethereum blockchain. Your Bored Ape doubles as your Yacht Club membership card, and grants access to members-only benefits, the first of which is access to THE BATHROOM, a collaborative graffiti board. Future areas and perks can be unlocked by the community through roadmap activation. Visit www.BoredApeYachtClub.com for more details.",1,True,,,boredapeyachtclub,http://www.boredapeyachtclub.com/,9999,Secondary,https://twitter.com/BoredApeYC,https://discord.gg/bokiworld,1,True,2022-05-31 04:00:00+00,{},success,2022-05-01 04:00:00+00,Token,None,Ethereum,0xbc4ca0eda7647a8ab7c2061c2e118a18a936f13d,0xaae7ac476b117bccafe2f05f582906be44bc8ff1,2.5,ERC721,2022-05-27 02:45:21.864+00,1,1,2022-05-25 08:56:24.621+00,2022-05-27 02:45:22.494+00
